A. Morin A. Morin A. Morin A. Morin A. Morin A. Morin A. Morin A. Morin A. Morin A. Morin A. Morin A. Morin A. Morin A. Morin A. Morin A. Morin A. Morin A. Morin A. Morin A. Morin A. Morin A. Morin A. Morin A. Morin A. Morin Acalli Acalli Acalli Acalli Adi aka Fijiana (Easy In Ltd) Adi aka Fijiana (Easy In Ltd) Adi aka Fijiana (Easy In Ltd) Adi aka Fijiana (Easy In Ltd) Aelan Aelan Aelan Aelan Aequare (Gianduja) Aequare (Gianduja) Ah Cacao Akesson's (Pralus) Akesson's (Pralus) Akesson's (Pralus) Alain Ducasse Alain Ducasse Alain Ducasse Alain Ducasse Alain Ducasse Alain Ducasse Alexandre Alexandre Alexandre Alexandre Altus aka Cao Artisan Altus aka Cao Artisan Altus aka Cao Artisan Altus aka Cao Artisan Altus aka Cao Artisan Altus aka Cao Artisan Altus aka Cao Artisan Altus aka Cao Artisan Altus aka Cao Artisan Altus aka Cao Artisan Altus aka Cao Artisan Amano Amano Amano Amano Amano Amano Amano Amano Amano Amatller (Simon Coll) Amatller (Simon Coll) Amatller (Simon Coll) Amatller (Simon Coll) Amazona Amazona Ambrosia Ambrosia Ambrosia Ambrosia Ambrosia Ambrosia Amedei Amedei Amedei Amedei Amedei Amedei Amedei Amedei Amedei Amedei Amedei Amedei Amedei AMMA AMMA AMMA AMMA AMMA Anahata Animas Ara Ara Ara Ara Arete Arete Arete Arete Arete Arete Arete Arete Arete Arete Arete Arete Arete Arete Arete Arete Arete Arete Arete Arete Arete Arete Arete Arete Arete Arete Arete Arete Arete Arete Arete Arete Argencove Argencove Argencove Argencove Artisan du Chocolat Artisan du Chocolat Artisan du Chocolat Artisan du Chocolat Artisan du Chocolat Artisan du Chocolat Artisan du Chocolat Artisan du Chocolat Artisan du Chocolat Artisan du Chocolat Artisan du Chocolat Artisan du Chocolat Artisan du Chocolat Artisan du Chocolat Artisan du Chocolat Artisan du Chocolat (Casa Luker) Askinosie Askinosie Askinosie Askinosie Askinosie Askinosie Atypic Auro Auro Auro Auro Bahen & Co. Bahen & Co. Bahen & Co. Bahen & Co. Bahen & Co. Baiani Bakau Bakau Bankston Bankston Bankston Bar Au Chocolat Bar Au Chocolat Bar Au Chocolat Bar Au Chocolat Bar Au Chocolat Bar Au Chocolat Bar Au Chocolat Baravelli's Batch Batch Batch Bean Beau Cacao Beau Cacao Beehive Beehive Beehive Beehive Belcolade Belcolade Belcolade Belcolade Bellflower Bellflower Bellflower Belvie Belyzium Belyzium Belyzium Benns Benns Benns Benoit Nihant Benoit Nihant Benoit Nihant Benoit Nihant Benoit Nihant Benoit Nihant Bernachon Beschle (Felchlin) Beschle (Felchlin) Beschle (Felchlin) Beschle (Felchlin) Beschle (Felchlin) Beschle (Felchlin) Beschle (Felchlin) Beschle (Felchlin) Bisou Bisou Bisou Bisou Bitacora Bitacora Bitacora Bittersweet Origins Bittersweet Origins Bittersweet Origins Bittersweet Origins Bittersweet Origins Bittersweet Origins Bittersweet Origins Bittersweet Origins Bittersweet Origins Bittersweet Origins Bittersweet Origins Bittersweet Origins Bittersweet Origins Bittersweet Origins Bixby Bixby Bixby Bixby Black Mountain Black Mountain Black Mountain Black River (A. Morin) Blanxart Blanxart Blue Bandana Blue Bandana Blue Bandana Blue Bandana Blue Bandana Blue Bandana Boho Bonaterra Bonaterra Bonaterra Bonnat Bonnat Bonnat Bonnat Bonnat Bonnat Bonnat Bonnat Bonnat Bonnat Bonnat Bonnat Bonnat Bonnat Bonnat Bonnat Bonnat Bonnat Bonnat Bonnat Bonnat Bonnat Bonnat Bonnat Bonnat Bonnat Bonnat Bonnat Bouga Cacao (Tulicorp) Box Chocolate Brasstown Brasstown Brasstown aka It's Chocolate Brasstown aka It's Chocolate Brasstown aka It's Chocolate Brasstown aka It's Chocolate Brasstown aka It's Chocolate Brasstown aka It's Chocolate Brasstown aka It's Chocolate Brasstown aka It's Chocolate Brasstown aka It's Chocolate Brasstown aka It's Chocolate Brasstown aka It's Chocolate Brasstown aka It's Chocolate Brazen Brazen Brazen Brazen Brazen Brazen Breeze Mill Bright Bright Bright Bright Britarev Bronx Grrl Chocolate Bullion Bullion Burnt Fork Bend Burnt Fork Bend Burnt Fork Bend Burnt Fork Bend Burnt Fork Bend By Cacao Cacai Cacao Cacai Cacao Cacao 70 Cacao 70 Cacao 70 Cacao Arabuco Cacao Atlanta Cacao Atlanta Cacao Atlanta Cacao Atlanta Cacao Barry Cacao Barry Cacao Barry Cacao Barry Cacao Barry Cacao Betulia Cacao Betulia Cacao Betulia Cacao de Origen Cacao de Origen Cacao de Origen Cacao de Origen Cacao de Origen Cacao de Origen Cacao de Origen Cacao de Origen Cacao de Origen Cacao de Origen Cacao Hunters Cacao Hunters Cacao Hunters Cacao Hunters Cacao Hunters Cacao Hunters Cacao Hunters Cacao Market Cacao Prieto Cacao Prieto Cacao Prieto Cacao Prieto Cacao Sampaka Cacao Sampaka Cacao Sampaka Cacao Sampaka Cacao Sampaka Cacao Sampaka Cacao Sampaka Cacao Sampaka Cacao Sampaka Cacao Store Cacao Store Cacao Store Cacaosuyo Cacaosuyo (Theobroma Inversiones) Cacaoyere (Ecuatoriana) Cacaoyere (Ecuatoriana) Cacaoyere (Ecuatoriana) Cacaoyere (Ecuatoriana) C-Amaro C-Amaro C-Amaro C-Amaro C-Amaro C-Amaro C-Amaro Cao Cao Cao Cao Cao Caoni (Tulicorp) Caoni (Tulicorp) Caoni (Tulicorp) Caoni (Tulicorp) Caoni (Tulicorp) Caoni (Tulicorp) Captain Pembleton Captain Pembleton Caribeans Caribeans Caribeans Caribeans Caribeans Carlotta Chocolat Carlotta Chocolat Carlotta Chocolat Carlotta Chocolat Carlotta Chocolat Casa Casa Lasevicius Casa Lasevicius Castronovo Castronovo Castronovo Castronovo Castronovo Castronovo Castronovo Castronovo Castronovo Castronovo Castronovo Castronovo Castronovo Castronovo Castronovo Castronovo Castronovo Cello Cello Cello Cello Chaleur B Chapon Chapon Charm School Chchukululu (Tulicorp) Chchukululu (Tulicorp) Chequessett Chequessett Chequessett Chocablog Choco Del Sol Choco Del Sol Choco Dong Choco Dong Chococard (Lapos) Chococard (Lapos) Chocolarder Chocolarder Chocolarder Chocolarder Chocola'te Chocola'te Chocolate Alchemist-Philly Chocolate Alchemist-Philly Chocolate Con Amor Chocolate Con Amor Chocolate Con Amor Chocolate Con Amor Chocolate Con Amor Chocolate Con Amor Chocolate Con Amor Chocolate Conspiracy Chocolate Makers Chocolate Makers Chocolate Makers Chocolate Tree, The Chocolate Tree, The Chocolate Tree, The Chocolate Tree, The Chocolate Tree, The Chocolate Tree, The Chocolatoa Chocolats Privilege Chocolibrium Chocolibrium Chocolibrium Chocovic Chocovic Chocovic Chocovic Chocovic Chocovic Chocovic Chocovic Chocovivo Chocovivo Choklat Choklat Choklat Choklat Choklat Chokolat Elot (Girard) Choocsol Christophe Toury Christopher Elbow Christopher Elbow Christopher Elbow Christopher Elbow Christopher Elbow Christopher Elbow Christopher Elbow Chuao Chocolatier Chuao Chocolatier (Pralus) Claudio Corallo Claudio Corallo Claudio Corallo Cloudforest Coco Cocoa Carib Coleman & Davis Condor Confluence Coppeneur Coppeneur Coppeneur Coppeneur Coppeneur Coppeneur Coppeneur Coppeneur Coppeneur Coppeneur Coppeneur Coppeneur Coppeneur Coppeneur Coppeneur Coppeneur Coppeneur Coppeneur Cravve Cravve Cravve Cravve Cravve Cravve Cravve Creo Creo Crow and Moss Crow and Moss Crow and Moss Daintree Daintree Dalloway Damson Damson Damson Damson Damson Dandelion Dandelion Dandelion Dandelion Dandelion Dandelion Dandelion Dandelion Dandelion Dandelion Dandelion Dandelion Dandelion Dandelion Dandelion Dandelion Dandelion Dandelion Dandelion (aka Brower Ave) Dandelion (aka Brower Ave) Dandelion (aka Brower Ave) Danta Danta Danta Danta Danta Danta Danta Danta Danta DAR DAR DAR Darcis Darcis Dark Forest Dark Forest Dark Forest Dark Forest Dark Forest Davis Davis Davis Davis De Mendes De Mendes De Villiers De Villiers Dean and Deluca (Belcolade) Dean and Deluca (Belcolade) Dean and Deluca (Belcolade) Dean and Deluca (Belcolade) Dean and Deluca (Belcolade) Dean and Deluca (Belcolade) Debauve & Gallais (Michel Cluizel) Debauve & Gallais (Michel Cluizel) Definite Definite Definite Desbarres Desbarres DeVries DeVries DeVries Dick Taylor Dick Taylor Dick Taylor Dick Taylor Dick Taylor Dick Taylor Dick Taylor Dick Taylor Dick Taylor Dick Taylor Dick Taylor Dick Taylor Dick Taylor Dick Taylor Dick Taylor Dick Taylor Dick Taylor Diogo Vaz Diogo Vaz Diogo Vaz Diogo Vaz Doble & Bignall Doble & Bignall Doble & Bignall Doble & Bignall Dolfin (Belcolade) Dolfin (Belcolade) Domori Domori Domori Domori Domori Domori Domori Domori Domori Domori Domori Domori Domori Domori Domori Domori Domori Domori Domori Domori Domori Domori Dormouse Dormouse Dormouse Dormouse Dormouse Dormouse Dormouse Double Spiral Double Spiral Double Spiral Duffy's Duffy's Duffy's Duffy's Duffy's Duffy's Duffy's Duffy's Duffy's Duffy's Duffy's Duffy's Duffy's Duffy's Duffy's Duffy's Dulcinea Durci Durci Durci Durci Durci Durci East Van Roasters East Van Roasters East Van Roasters Eau de Rose Eau de Rose Eclat (Felchlin) Eclat (Fruition) Edelmond El Ceibo El Ceibo El Rey El Rey El Rey El Rey El Rey El Rey El Rey Eldora Emerald Estate Emerald Estate Emily's Emily's Encuentro Encuentro Encuentro Encuentro ENNA ENNA ENNA ENNA ENNA Erithaj (A. Morin) Erithaj (A. Morin) Erithaj (A. Morin) Escazu Escazu Escazu Escazu Escazu Ethel's Artisan (Mars) Ethel's Artisan (Mars) Ethel's Artisan (Mars) Ethel's Artisan (Mars) Ethel's Artisan (Mars) Ethereal Ethereal Ethereal Ethereal Exquisito Fearless (AMMA) Feitoria Cacao Feitoria Cacao Feitoria Cacao Felchlin Felchlin Felchlin Felchlin Felchlin Felchlin Felchlin Finca Finca Finca Finca Finnia Finnia Finnia Finnia Firetree Firetree Firetree Firetree Five (5)Mile Five (5)Mile Five (5)Mile Five (5)Mile FJAK FJAK FJAK Forever Cacao Forteza (Cortes) Forteza (Cortes) Fossa Fossa Fossa Fossa Fossa Fossa Fossa Fossa Fossa Fossa Foundry Foundry Foundry Foundry Foundry Foundry Foundry Franceschi Franceschi Franceschi Franceschi Franceschi Franceschi Franceschi Franceschi Franceschi Frederic Blondeel Frederic Blondeel Frederic Blondeel Frederic Blondeel Frederic Blondeel French Broad French Broad French Broad French Broad French Broad French Broad French Broad French Broad French Broad French Broad French Broad Fresco Fresco Fresco Fresco Fresco Fresco Fresco Fresco Fresco Fresco Fresco Fresco Fresco Fresco Fresco Fresco Fresco Fresco Fresco Fresco Fresco Fresco Fresco Fresco Fresco Fresco Fresco Fresco Fresco Fresco Fresco Fresh Coast Fresh Coast Fresh Coast aka Just Good Choc. Fresh Coast aka Just Good Choc. Fresh Coast aka Just Good Choc. Friis Holm Friis Holm Friis Holm Friis Holm Friis Holm Friis Holm Friis Holm Friis Holm Friis Holm Friis Holm Friis Holm Friis Holm Friis Holm Friis Holm (Bonnat) Friis Holm (Bonnat) Friis Holm (Bonnat) Friis Holm (Bonnat) Friis Holm (Bonnat) Friis Holm (Bonnat) Friis Holm (Bonnat) Friis Holm (Bonnat) Friis Holm (Bonnat) Friis Holm (Bonnat) Friis Holm (Bonnat) Friis Holm (Bonnat) Fruition Fruition Fruition Fruition Fruition Fruition Fruition Fruition Fruition Fruition Fruition Fu Wan Fu Wan Fu Wan Fu Wan Garden Island Georgia Ramon Georgia Ramon Georgia Ramon Georgia Ramon Georgia Ramon Georgia Ramon Georgia Ramon Georgia Ramon Georgia Ramon Glennmade Glennmade Gonzales Goodnow Goodnow Goodnow Farms Goodnow Farms Goodnow Farms Goodnow Farms Gotham Grand Place Green & Black's (ICAM) Green Bean to Bar Green Bean to Bar Grenada Chocolate Co. Grenada Chocolate Co. Grenada Chocolate Co. Guido Castagna Guido Castagna Guido Castagna Guido Castagna Guido Castagna Guido Castagna Guittard Guittard Guittard Guittard Guittard Guittard Guittard Guittard Guittard Guittard Guittard Guittard Guittard Guittard Guittard Guittard Guittard Guittard Guittard Guittard Guittard Guittard Habitual Habitual Habitual Habitual Habitual Habitual Habitual Habitual Hachez Hacienda El Castillo Hacienda El Castillo Harper Macaw Harper Macaw Harper Macaw Harper Macaw Harper Macaw Harris & James Harris & James Hazel Hill Hazel Hill Hazel Hill Heilemann Heinde & Verre Heinde & Verre Heinde & Verre Heirloom Cacao Preservation (Brasstown) Heirloom Cacao Preservation (Fruition) Heirloom Cacao Preservation (Guittard) Heirloom Cacao Preservation (Guittard) Heirloom Cacao Preservation (Guittard) Heirloom Cacao Preservation (Guittard) Heirloom Cacao Preservation (Manoa) Heirloom Cacao Preservation (Millcreek) Heirloom Cacao Preservation (Mindo) Heirloom Cacao Preservation (Zokoko) Heirloom Cacao Preservation (Zokoko) hello cocoa hello cocoa hexx hexx hexx hexx hexx hexx hexx hexx hexx hexx Hogarth Hogarth Hogarth Hogarth Hogarth Hogarth Hoja Verde (Tulicorp) Hoja Verde (Tulicorp) Hoja Verde (Tulicorp) Hoja Verde (Tulicorp) Hoja Verde (Tulicorp) Holy Cacao Holy Cacao Holy Cacao Holy Cacao Holy Cacao Holy Cacao Holy Cacao Holy Cacao Holy Cacao Honest Hotel Chocolat Hotel Chocolat Hotel Chocolat Hotel Chocolat Hotel Chocolat Hotel Chocolat (Coppeneur) Hotel Chocolat (Coppeneur) Hotel Chocolat (Coppeneur) Hotel Chocolat (Coppeneur) Hotel Chocolat (Coppeneur) Hotel Chocolat (Coppeneur) Hotel Chocolat (Coppeneur) Hotel Chocolat (Coppeneur) Hotel Chocolat (Coppeneur) Hotel Chocolat (Coppeneur) Hotel Chocolat (Coppeneur) Hotel Chocolat (Coppeneur) Hotel Chocolat (Coppeneur) Hotel Chocolat (Coppeneur) Hummingbird Hummingbird Hummingbird Hummingbird Hummingbird Hummingbird Hummingbird Hummingbird Idilio (Felchlin) Idilio (Felchlin) Idilio (Felchlin) Idilio (Felchlin) Idilio (Felchlin) Idilio (Felchlin) Idilio (Felchlin) Idilio (Felchlin) Idilio (Felchlin) Idilio (Felchlin) Indah Indaphoria Indaphoria Indi Indi iQ Chocolate iQ Chocolate Isidro Isidro Isidro Isidro Islands Chocolate Izard Izard Jacque Torres Jean Marie Auboine Johnny Iuzzini Johnny Iuzzini Johnny Iuzzini Johnny Iuzzini Johnny Iuzzini Johnny Iuzzini Johnny Iuzzini Johnny Iuzzini Johnny Iuzzini Johnny Iuzzini Jordis Jordis Kad Kokoa Kad Kokoa Kad Kokoa Kad Kokoa Kah Kow Kah Kow Kah Kow Kah Kow Kah Kow - USA Kah Kow - USA Kah Kow - USA Kah Kow - USA Kah Kow - USA Kaitxo Kaitxo Kaitxo Kallari (Ecuatoriana) Kallari (Ecuatoriana) Kallari (Ecuatoriana) Kallari (Ecuatoriana) Kallari (Ecuatoriana) Kallari (Ecuatoriana) Kallari (Ecuatoriana) Kallari (Ecuatoriana) Kerchner Ki' Xocolatl Kin + Pod Kiskadee Krak Krak Krak Krak Krak Krak Krak Krak Kto Kto Kto Kto Kto Kto Kto K'ul K'ul K'ul K'ul Kyya Kyya Kyya Kyya L.A. Burdick (Felchlin) L.A. Burdick (Felchlin) L.A. Burdick (Felchlin) L.A. Burdick (Felchlin) L.A. Burdick (Felchlin) L.A. Burdick (Felchlin) L.A. Burdick (Felchlin) L.A. Burdick (Felchlin) L.A. Burdick (Felchlin) La Cascade du Chocolat La Chorena La Chorena La Chorena La Chorena La Feverie (Hasnaa) La Feverie (Hasnaa) La Feverie (Hasnaa) La Maison du Chocolat (Valrhona) La Maison du Chocolat (Valrhona) La Maison du Chocolat (Valrhona) La Maison du Chocolat (Valrhona) La Maison du Chocolat (Valrhona) La Maison du Chocolat (Valrhona) La Maison du Chocolat (Valrhona) La Maison du Chocolat (Valrhona) La Maison du Chocolat (Valrhona) La Maison du Chocolat (Valrhona) La Rifa La Rifa La Rifa Laia aka Chat-Noir Laia aka Chat-Noir Laia aka Chat-Noir Laia aka Chat-Noir Laia aka Chat-Noir Laia aka Chat-Noir Laia aka Chat-Noir Laia aka Chat-Noir Laia aka Chat-Noir Laia aka Chat-Noir L'Amourette L'Amourette L'Amourette L'Amourette Land Land Land Landmark (Amano) Legast Legast Legast Letterpress Letterpress Letterpress Letterpress Letterpress Letterpress Letterpress Letterpress Letterpress Letterpress Letterpress Letterpress Letterpress Levy Lilla Lillie Belle Lillie Belle Lillie Belle Lillie Belle Lillie Belle Lillie Belle Lindt & Sprungli Loiza Lonohana Lonohana Lonohana Lonohana Lonohana Lonohana Love Bar Love Brown Love Brown Love Brown Love Brown Luisa Abram Luisa Abram Luker Luker Luker Luker MADE MADE Madecasse (Cinagra) Madecasse (Cinagra) Madecasse (Cinagra) Madecasse (Cinagra) Madre Madre Madre Madre Madre Madre Madre Madre Madre Madre Madre Maglio Maglio Maglio Maglio Majani Malagasy (Chocolaterie Robert) Malagasy (Chocolaterie Robert) Malagos Malai Malie Kai (Guittard) Malie Kai (Guittard) Malmo Mana Mana Mana Mana Manifesto Cacao Manoa Manoa Manoa Manoa Manoa Manoa Manoa Manoa Manoa Manufaktura Czekolady Manufaktura Czekolady Manufaktura Czekolady Manufaktura Czekolady Manufaktura Czekolady Manufaktura Czekolady Manufaktura Czekolady Map Chocolate Map Chocolate Map Chocolate Map Chocolate Map Chocolate Map Chocolate Map Chocolate Map Chocolate Map Chocolate Map Chocolate Map Chocolate Map Chocolate Map Chocolate Map Chocolate Marana Marana Marana Marigold's Finest Markham & Fitz Marou Marou Marou Marou Marou Marou Marou Marou Marou Marou Marou Marsatta Marsatta Martin Mayer Martin Mayer Martin Mayer Mast Brothers Mast Brothers Mast Brothers Mast Brothers Mast Brothers Mast Brothers Mast Brothers Mast Brothers Mast Brothers Mast Brothers Mast Brothers Mast Brothers Mast Brothers Mast Brothers Mast Brothers Mast Brothers Mast Brothers Mast Brothers Matale Matale Matale Matale Maverick Maverick Maverick Maverick Maverick Maverick Maverick Mayacama McGuire McGuire Meadowlands Meadowlands Meadowlands Meadowlands Meadowlands Mellow Mellow Mellow Mellow Menakao (aka Cinagra) Menakao (aka Cinagra) Soeka Soklet Sol Cacao Sol Cacao Solkiki Solkiki Solkiki Solomons Gold Solomons Gold Solstice Solstice Solstice Solstice Solstice Solstice Solstice Solstice Soma Soma Soma Soma Soma Soma Soma Soma Soma Soma Soma Soma Soma Soma Soma Soma Soma Soma Soma Soma Soma Soma Soma Soma Soma Soma Soma Soma Soma Soma Soma Soma Soma Soma Soma Soma Soma Soma Soma Soma Soma Soma Soma Soma Soma Soma Soma Soma Soma Soma Soma Soma Somerville Somerville Soul Soul Soul Soul Soul Soul Spagnvola Spagnvola Spagnvola Spencer Spencer Spencer Spencer Spencer Spencer Spencer Sprungli (Felchlin) SRSLY SRSLY Starchild Starchild Starchild Starchild Starchild Stella (aka Bernrain) Stella (aka Bernrain) Stone Grindz Stone Grindz Stone Grindz StRita Supreme StRita Supreme StRita Supreme Sublime Origins Sublime Origins Summerbird Summerbird Suruca Chocolate Suruca Chocolate Svenska Kakaobolaget Svenska Kakaobolaget Sweet Escalier Sweet Escalier Sweet Escalier Sweet Escalier Sweet Escalier Sweetness Sweetness Sweetness Szanto Tibor Szanto Tibor Szanto Tibor Szanto Tibor Szanto Tibor Szanto Tibor Szanto Tibor Szanto Tibor Szanto Tibor Szanto Tibor Szanto Tibor Szanto Tibor Szanto Tibor Szanto Tibor Szanto Tibor Tabal Tabal Tabal Tabal Tablette (aka Vanillabeans) Tablette (aka Vanillabeans) Tablette (aka Vanillabeans) Tablette (aka Vanillabeans) Tala Tala Tan Ban Skrati Taste Artisan Taste Artisan Taste Artisan Taucherli Taucherli Taza Taza Taza Taza TCHO TCHO TCHO TCHO TCHO TCHO TCHO Tejas Tejas Tejas Tejas Tejas Tejas Tejas Tejas Tejas Tejas Tejas Tejas Tejas Tejas Terroir Terroir Terroir Terroir Terroir Terroir Terroir Terroir Terroir Terroir Terroir Terroir The Barn Theo Theo Theo Theo Theo Theo Theobroma Thistle & Rose aka Aggie USU Tibito Tibito Timo A. Meyer Tiny House To'ak (Ecuatoriana) Tocoti Tocoti Tocoti Tosier Tosier Tosier Tosier Tree to Bar Treehouse Tribar Tribar Tribe Tribe Tribe twenty-four blackbirds twenty-four blackbirds twenty-four blackbirds twenty-four blackbirds twenty-four blackbirds twenty-four blackbirds twenty-four blackbirds Two Ravens Uncouth Uncouth Uncouth Undone Undone Upchurch Upchurch Urzi Utopick Utopick Vaka Valrhona Valrhona Valrhona Valrhona Valrhona Valrhona Valrhona Valrhona Valrhona Valrhona Valrhona Valrhona Valrhona Valrhona Valrhona Valrhona Valrhona Valrhona Valrhona Valrhona Valrhona Valrhona Vao Vao (Chocolaterie Robert) Vao Vao (Chocolaterie Robert) Vao Vao (Chocolaterie Robert) Vicuna Vicuna Vicuna Vicuna Vicuna Videri Videri Videri Videri Videri Vietcacao (A. Morin) Vintage Plantations Vintage Plantations (Tulicorp) Violet Sky Violet Sky Violet Sky Violet Sky Violet Sky Vivra Vivra Vivra Vivra Vivra Wellington Chocolate Factory Wellington Chocolate Factory Wellington Chocolate Factory White Label White Label Wilkie's Organic Wilkie's Organic Wilkie's Organic Wilkie's Organic Willie's Cacao Willie's Cacao Willie's Cacao Willie's Cacao Willie's Cacao Willie's Cacao Willie's Cacao Wm Wm Wm Wm Wm Woodblock Woodblock Woodblock Woodblock Woodblock Woodblock Woodblock Woodblock Xocolat Xocolatisimo Xocolatisimo Xocolatisimo Xocolla Xocolla Zak's Zak's Zak's Zak's Zak's Zak's Zart Pralinen Zart Pralinen Zart Pralinen Zart Pralinen Zart Pralinen Zart Pralinen Zokoko Zokoko Zokoko Zokoko Zokoko Zoto (Chocolatoa) Zoto (Chocolatoa) Zoto (Chocolatoa) Zoto (Chocolatoa) Zotter Zotter Zotter Zotter Zotter Zotter Zotter Zotter Zotter Zotter Zotter Zotter Zotter Zotter Zotter Zotter Zotter Zotter Zotter Zotter Zotter